run,dataset,kind,metric,expression,group_value,value
platform-2609-2,association_by_datasource_direct,grouping,datasource,aggregationValue,impc,3498650
platform-2609-2,association_by_datasource_direct,grouping,datasource,aggregationValue,europepmc,2442941
platform-2609-2,association_by_datasource_direct,grouping,datasource,aggregationValue,gwas_credible_sets,1107646
platform-2609-2,association_by_datasource_direct,grouping,datasource,aggregationValue,expression_atlas,168029
platform-2609-2,association_by_datasource_direct,grouping,datasource,aggregationValue,clinical_precedence,106998
platform-2609-2,association_by_datasource_direct,grouping,datasource,aggregationValue,cancer_gene_census,91572
platform-2609-2,association_by_datasource_direct,grouping,datasource,aggregationValue,eva,39247
platform-2609-2,association_by_datasource_direct,grouping,datasource,aggregationValue,genomics_england,12183
platform-2609-2,association_by_datasource_direct,grouping,datasource,aggregationValue,crispr_screen,10951
platform-2609-2,association_by_datasource_direct,grouping,datasource,aggregationValue,gene_burden,8856
platform-2609-2,association_by_datasource_direct,grouping,datasource,aggregationValue,orphanet,6681
platform-2609-2,association_by_datasource_direct,grouping,datasource,aggregationValue,uniprot_literature,6284
platform-2609-2,association_by_datasource_direct,grouping,datasource,aggregationValue,uniprot_variants,4899
platform-2609-2,association_by_datasource_direct,grouping,datasource,aggregationValue,gene2phenotype,4745
platform-2609-2,association_by_datasource_direct,grouping,datasource,aggregationValue,clingen,3958
platform-2609-2,association_by_datasource_direct,grouping,datasource,aggregationValue,reactome,2930
platform-2609-2,association_by_datasource_direct,grouping,datasource,aggregationValue,intogen,2595
platform-2609-2,association_by_datasource_direct,grouping,datasource,aggregationValue,eva_somatic,2315
platform-2609-2,association_by_datasource_direct,grouping,datasource,aggregationValue,crispr,517
platform-2609-2,association_by_datasource_direct,grouping,datasource,aggregationValue,cancer_biomarkers,469
platform-2609-2,association_by_datasource_direct,scalar,count,,,7522466
platform-2609-2,association_by_datasource_direct,scalar,file_size,,,861231637
platform-2609-2,association_by_datasource_direct,scalar,number_of_partitions,,,14
platform-2609-2,association_by_datasource_indirect,grouping,datasource,aggregationValue,europepmc,8180465
platform-2609-2,association_by_datasource_indirect,grouping,datasource,aggregationValue,impc,7905951
platform-2609-2,association_by_datasource_indirect,grouping,datasource,aggregationValue,gwas_credible_sets,2997795
platform-2609-2,association_by_datasource_indirect,grouping,datasource,aggregationValue,cancer_gene_census,383070
platform-2609-2,association_by_datasource_indirect,grouping,datasource,aggregationValue,clinical_precedence,372927
platform-2609-2,association_by_datasource_indirect,grouping,datasource,aggregationValue,eva,239843
platform-2609-2,association_by_datasource_indirect,grouping,datasource,aggregationValue,expression_atlas,168029
platform-2609-2,association_by_datasource_indirect,grouping,datasource,aggregationValue,genomics_england,105504
platform-2609-2,association_by_datasource_indirect,grouping,datasource,aggregationValue,orphanet,81980
platform-2609-2,association_by_datasource_indirect,grouping,datasource,aggregationValue,uniprot_literature,81662
platform-2609-2,association_by_datasource_indirect,grouping,datasource,aggregationValue,uniprot_variants,64407
platform-2609-2,association_by_datasource_indirect,grouping,datasource,aggregationValue,crispr_screen,54735
platform-2609-2,association_by_datasource_indirect,grouping,datasource,aggregationValue,gene2phenotype,49053
platform-2609-2,association_by_datasource_indirect,grouping,datasource,aggregationValue,clingen,43872
platform-2609-2,association_by_datasource_indirect,grouping,datasource,aggregationValue,gene_burden,32478
platform-2609-2,association_by_datasource_indirect,grouping,datasource,aggregationValue,intogen,29152
platform-2609-2,association_by_datasource_indirect,grouping,datasource,aggregationValue,eva_somatic,28209
platform-2609-2,association_by_datasource_indirect,grouping,datasource,aggregationValue,reactome,20254
platform-2609-2,association_by_datasource_indirect,grouping,datasource,aggregationValue,crispr,7694
platform-2609-2,association_by_datasource_indirect,grouping,datasource,aggregationValue,cancer_biomarkers,5336
platform-2609-2,association_by_datasource_indirect,scalar,count,,,20852416
platform-2609-2,association_by_datasource_indirect,scalar,file_size,,,2732458731
platform-2609-2,association_by_datasource_indirect,scalar,number_of_partitions,,,43
platform-2609-2,association_by_datatype_direct,grouping,datatype,aggregationValue,animal_model,3498650
platform-2609-2,association_by_datatype_direct,grouping,datatype,aggregationValue,literature,2442941
platform-2609-2,association_by_datatype_direct,grouping,datatype,aggregationValue,genetic_association,1152812
platform-2609-2,association_by_datatype_direct,grouping,datatype,aggregationValue,rna_expression,168029
platform-2609-2,association_by_datatype_direct,grouping,datatype,aggregationValue,known_drug,106998
platform-2609-2,association_by_datatype_direct,grouping,datatype,aggregationValue,somatic_mutation,94749
platform-2609-2,association_by_datatype_direct,grouping,datatype,aggregationValue,genetic_literature,16768
platform-2609-2,association_by_datatype_direct,grouping,datatype,aggregationValue,affected_pathway,14812
platform-2609-2,association_by_datatype_direct,scalar,count,,,7495759
platform-2609-2,association_by_datatype_direct,scalar,file_size,,,860236411
platform-2609-2,association_by_datatype_direct,scalar,number_of_partitions,,,15
platform-2609-2,association_by_datatype_indirect,grouping,datatype,aggregationValue,literature,8180465
platform-2609-2,association_by_datatype_indirect,grouping,datatype,aggregationValue,animal_model,7905951
platform-2609-2,association_by_datatype_indirect,grouping,datatype,aggregationValue,genetic_association,3203003
platform-2609-2,association_by_datatype_indirect,grouping,datatype,aggregationValue,somatic_mutation,407135
platform-2609-2,association_by_datatype_indirect,grouping,datatype,aggregationValue,known_drug,372927
platform-2609-2,association_by_datatype_indirect,grouping,datatype,aggregationValue,rna_expression,168029
platform-2609-2,association_by_datatype_indirect,grouping,datatype,aggregationValue,genetic_literature,129639
platform-2609-2,association_by_datatype_indirect,grouping,datatype,aggregationValue,affected_pathway,86024
platform-2609-2,association_by_datatype_indirect,scalar,count,,,20453173
platform-2609-2,association_by_datatype_indirect,scalar,file_size,,,2695525482
platform-2609-2,association_by_datatype_indirect,scalar,number_of_partitions,,,41
platform-2609-2,association_overall_direct,scalar,count,,,7225847
platform-2609-2,association_overall_direct,scalar,file_size,,,839148848
platform-2609-2,association_overall_direct,scalar,number_of_partitions,,,14
platform-2609-2,association_overall_indirect,scalar,count,,,17459960
platform-2609-2,association_overall_indirect,scalar,file_size,,,2411937431
platform-2609-2,association_overall_indirect,scalar,number_of_partitions,,,39
platform-2609-2,baseline_expression,scalar,count,,,83290030
platform-2609-2,baseline_expression,scalar,file_size,,,1696383415
platform-2609-2,baseline_expression,scalar,number_of_partitions,,,21
platform-2609-2,biosample,scalar,count,,,35477
platform-2609-2,biosample,scalar,file_size,,,5968153
platform-2609-2,biosample,scalar,number_of_partitions,,,1
platform-2609-2,chemical_probe,scalar,count,,,1265
platform-2609-2,chemical_probe,scalar,file_size,,,38586
platform-2609-2,chemical_probe,scalar,number_of_partitions,,,1
platform-2609-2,clinical_indication,scalar,count,,,86451
platform-2609-2,clinical_indication,scalar,file_size,,,4989955
platform-2609-2,clinical_indication,scalar,number_of_partitions,,,1
platform-2609-2,clinical_report,grouping,clinicalStage,aggregationValue,PHASE_2,64522
platform-2609-2,clinical_report,grouping,clinicalStage,aggregationValue,PHASE_1,50129
platform-2609-2,clinical_report,grouping,clinicalStage,aggregationValue,UNKNOWN,39512
platform-2609-2,clinical_report,grouping,clinicalStage,aggregationValue,PHASE_3,38959
platform-2609-2,clinical_report,grouping,clinicalStage,aggregationValue,PHASE_4,30510
platform-2609-2,clinical_report,grouping,clinicalStage,aggregationValue,APPROVAL,29328
platform-2609-2,clinical_report,grouping,clinicalStage,aggregationValue,PHASE_1_2,16155
platform-2609-2,clinical_report,grouping,clinicalStage,aggregationValue,PHASE_2_3,6244
platform-2609-2,clinical_report,grouping,clinicalStage,aggregationValue,EARLY_PHASE_1,4928
platform-2609-2,clinical_report,grouping,clinicalStage,aggregationValue,IND,4626
platform-2609-2,clinical_report,grouping,clinicalStage,aggregationValue,PRECLINICAL,3812
platform-2609-2,clinical_report,grouping,clinicalStage,aggregationValue,WITHDRAWAL,1061
platform-2609-2,clinical_report,grouping,clinicalStage,aggregationValue,PREAPPROVAL,168
platform-2609-2,clinical_report,scalar,count,,,289954
platform-2609-2,clinical_report,scalar,file_size,,,75924085
platform-2609-2,clinical_report,scalar,number_of_partitions,,,1
platform-2609-2,clinical_target,scalar,count,,,13261
platform-2609-2,clinical_target,scalar,file_size,,,2815006
platform-2609-2,clinical_target,scalar,number_of_partitions,,,1
platform-2609-2,colocalisation,grouping,studyTypePair,aggregationValue,gwas-gwas,203415997
platform-2609-2,colocalisation,grouping,studyTypePair,aggregationValue,gwas-eqtl,36928981
platform-2609-2,colocalisation,grouping,studyTypePair,aggregationValue,gwas-sqtl,19144070
platform-2609-2,colocalisation,grouping,studyTypePair,aggregationValue,gwas-tuqtl,11382592
platform-2609-2,colocalisation,grouping,studyTypePair,aggregationValue,gwas-pqtl,7393415
platform-2609-2,colocalisation,grouping,studyTypePair,aggregationValue,gwas-sceqtl,5038412
platform-2609-2,colocalisation,scalar,count,,,283303467
platform-2609-2,colocalisation,scalar,file_size,,,16519695769
platform-2609-2,colocalisation,scalar,number_of_partitions,,,200
platform-2609-2,credible_set,grouping,studyType,aggregationValue,eqtl,1718748
platform-2609-2,credible_set,grouping,studyType,aggregationValue,gwas,1519507
platform-2609-2,credible_set,grouping,studyType,aggregationValue,sqtl,844764
platform-2609-2,credible_set,grouping,studyType,aggregationValue,tuqtl,521558
platform-2609-2,credible_set,grouping,studyType,aggregationValue,sceqtl,123630
platform-2609-2,credible_set,grouping,studyType,aggregationValue,pqtl,33718
platform-2609-2,credible_set,scalar,count,,,4761925
platform-2609-2,credible_set,scalar,file_size,,,2990567440
platform-2609-2,credible_set,scalar,number_of_partitions,,,200
platform-2609-2,disease,grouping,therapeuticArea,aggregationValue,EFO_0001444,25413
platform-2609-2,disease,grouping,therapeuticArea,aggregationValue,OTAR_0000018,10565
platform-2609-2,disease,grouping,therapeuticArea,aggregationValue,EFO_0000651,7619
platform-2609-2,disease,grouping,therapeuticArea,aggregationValue,MONDO_0005071,4269
platform-2609-2,disease,grouping,therapeuticArea,aggregationValue,MONDO_0045024,3678
platform-2609-2,disease,grouping,therapeuticArea,aggregationValue,OTAR_0000006,3099
platform-2609-2,disease,grouping,therapeuticArea,aggregationValue,OTAR_0000020,1939
platform-2609-2,disease,grouping,therapeuticArea,aggregationValue,MONDO_0005151,1492
platform-2609-2,disease,grouping,therapeuticArea,aggregationValue,MONDO_0024458,1398
platform-2609-2,disease,grouping,therapeuticArea,aggregationValue,MONDO_0002051,1367
platform-2609-2,disease,grouping,therapeuticArea,aggregationValue,EFO_0010282,1320
platform-2609-2,disease,grouping,therapeuticArea,aggregationValue,OTAR_0000017,1314
platform-2609-2,disease,grouping,therapeuticArea,aggregationValue,MONDO_0004995,1272
platform-2609-2,disease,grouping,therapeuticArea,aggregationValue,MONDO_0005046,1149
platform-2609-2,disease,grouping,therapeuticArea,aggregationValue,MONDO_0005570,1082
platform-2609-2,disease,grouping,therapeuticArea,aggregationValue,MONDO_0005550,873
platform-2609-2,disease,grouping,therapeuticArea,aggregationValue,GO_0008150,811
platform-2609-2,disease,grouping,therapeuticArea,aggregationValue,MONDO_0002118,673
platform-2609-2,disease,grouping,therapeuticArea,aggregationValue,OTAR_0000010,546
platform-2609-2,disease,grouping,therapeuticArea,aggregationValue,MONDO_0002025,310
platform-2609-2,disease,grouping,therapeuticArea,aggregationValue,MONDO_0002515,276
platform-2609-2,disease,grouping,therapeuticArea,aggregationValue,MONDO_0021205,186
platform-2609-2,disease,grouping,therapeuticArea,aggregationValue,OTAR_0000009,151
platform-2609-2,disease,grouping,therapeuticArea,aggregationValue,OTAR_0000014,75
platform-2609-2,disease,grouping,therapeuticArea,aggregationValue,MONDO_0005583,71
platform-2609-2,disease,grouping,therapeuticArea,aggregationValue,EFO_0002571,61
platform-2609-2,disease,scalar,count,,,45896
platform-2609-2,disease,scalar,file_size,,,6346458
platform-2609-2,disease,scalar,number_of_partitions,,,1
platform-2609-2,disease_hpo,scalar,count,,,32082
platform-2609-2,disease_hpo,scalar,file_size,,,1743207
platform-2609-2,disease_hpo,scalar,number_of_partitions,,,1
platform-2609-2,disease_phenotype,scalar,count,,,163973
platform-2609-2,disease_phenotype,scalar,file_size,,,6459952
platform-2609-2,disease_phenotype,scalar,number_of_partitions,,,1
platform-2609-2,drug_mechanism_of_action,scalar,count,,,1751
platform-2609-2,drug_mechanism_of_action,scalar,file_size,,,310875
platform-2609-2,drug_mechanism_of_action,scalar,number_of_partitions,,,1
platform-2609-2,drug_molecule,grouping,clinicalStage,aggregationValue,UNKNOWN,7251
platform-2609-2,drug_molecule,grouping,clinicalStage,aggregationValue,APPROVAL,5448
platform-2609-2,drug_molecule,grouping,clinicalStage,aggregationValue,PHASE_2,2723
platform-2609-2,drug_molecule,grouping,clinicalStage,aggregationValue,PHASE_3,1542
platform-2609-2,drug_molecule,grouping,clinicalStage,aggregationValue,PHASE_1,1257
platform-2609-2,drug_molecule,grouping,clinicalStage,aggregationValue,PHASE_1_2,441
platform-2609-2,drug_molecule,grouping,clinicalStage,aggregationValue,PHASE_2_3,242
platform-2609-2,drug_molecule,grouping,clinicalStage,aggregationValue,IND,132
platform-2609-2,drug_molecule,grouping,clinicalStage,aggregationValue,PRECLINICAL,69
platform-2609-2,drug_molecule,grouping,clinicalStage,aggregationValue,EARLY_PHASE_1,36
platform-2609-2,drug_molecule,grouping,clinicalStage,aggregationValue,PREAPPROVAL,29
platform-2609-2,drug_molecule,scalar,count,,,19170
platform-2609-2,drug_molecule,scalar,file_size,,,6867467
platform-2609-2,drug_molecule,scalar,number_of_partitions,,,1
platform-2609-2,drug_warning,scalar,count,,,2009
platform-2609-2,drug_warning,scalar,file_size,,,167517
platform-2609-2,drug_warning,scalar,number_of_partitions,,,1
platform-2609-2,enhancer_to_gene,scalar,count,,,48808491
platform-2609-2,enhancer_to_gene,scalar,file_size,,,1770117834
platform-2609-2,enhancer_to_gene,scalar,number_of_partitions,,,30
platform-2609-2,evidence_cancer_biomarkers,grouping,datatype,aggregationValue,affected_pathway,1301
platform-2609-2,evidence_cancer_biomarkers,scalar,count,,,1301
platform-2609-2,evidence_cancer_biomarkers,scalar,file_size,,,84458
platform-2609-2,evidence_cancer_biomarkers,scalar,number_of_partitions,,,1
platform-2609-2,evidence_cancer_gene_census,grouping,datatype,aggregationValue,somatic_mutation,91572
platform-2609-2,evidence_cancer_gene_census,scalar,count,,,91572
platform-2609-2,evidence_cancer_gene_census,scalar,file_size,,,3893074
platform-2609-2,evidence_cancer_gene_census,scalar,number_of_partitions,,,1
platform-2609-2,evidence_clingen,grouping,datatype,aggregationValue,genetic_literature,4031
platform-2609-2,evidence_clingen,scalar,count,,,4031
platform-2609-2,evidence_clingen,scalar,file_size,,,327206
platform-2609-2,evidence_clingen,scalar,number_of_partitions,,,1
platform-2609-2,evidence_clinical_precedence,grouping,datatype,aggregationValue,clinical,876506
platform-2609-2,evidence_clinical_precedence,scalar,count,,,876506
platform-2609-2,evidence_clinical_precedence,scalar,file_size,,,39436998
platform-2609-2,evidence_clinical_precedence,scalar,number_of_partitions,,,1
platform-2609-2,evidence_crispr,grouping,datatype,aggregationValue,affected_pathway,517
platform-2609-2,evidence_crispr,scalar,count,,,517
platform-2609-2,evidence_crispr,scalar,file_size,,,49090
platform-2609-2,evidence_crispr,scalar,number_of_partitions,,,1
platform-2609-2,evidence_crispr_screen,grouping,datatype,aggregationValue,affected_pathway,21640
platform-2609-2,evidence_crispr_screen,scalar,count,,,21640
platform-2609-2,evidence_crispr_screen,scalar,file_size,,,939664
platform-2609-2,evidence_crispr_screen,scalar,number_of_partitions,,,1
platform-2609-2,evidence_europepmc,grouping,datatype,aggregationValue,literature,26544648
platform-2609-2,evidence_europepmc,scalar,count,,,26544648
platform-2609-2,evidence_europepmc,scalar,file_size,,,6050329882
platform-2609-2,evidence_europepmc,scalar,number_of_partitions,,,125
platform-2609-2,evidence_eva,grouping,datatype,aggregationValue,genetic_association,3667606
platform-2609-2,evidence_eva,scalar,count,,,3667606
platform-2609-2,evidence_eva,scalar,file_size,,,263357122
platform-2609-2,evidence_eva,scalar,number_of_partitions,,,8
platform-2609-2,evidence_eva_somatic,grouping,datatype,aggregationValue,somatic_mutation,8875
platform-2609-2,evidence_eva_somatic,scalar,count,,,8875
platform-2609-2,evidence_eva_somatic,scalar,file_size,,,617395
platform-2609-2,evidence_eva_somatic,scalar,number_of_partitions,,,1
platform-2609-2,evidence_expression_atlas,grouping,datatype,aggregationValue,rna_expression,238857
platform-2609-2,evidence_expression_atlas,scalar,count,,,238857
platform-2609-2,evidence_expression_atlas,scalar,file_size,,,11077626
platform-2609-2,evidence_expression_atlas,scalar,number_of_partitions,,,1
platform-2609-2,evidence_gene2phenotype,grouping,datatype,aggregationValue,genetic_literature,4865
platform-2609-2,evidence_gene2phenotype,scalar,count,,,4865
platform-2609-2,evidence_gene2phenotype,scalar,file_size,,,364655
platform-2609-2,evidence_gene2phenotype,scalar,number_of_partitions,,,1
platform-2609-2,evidence_gene_burden,grouping,datatype,aggregationValue,genetic_association,55016
platform-2609-2,evidence_gene_burden,scalar,count,,,55016
platform-2609-2,evidence_gene_burden,scalar,file_size,,,3995278
platform-2609-2,evidence_gene_burden,scalar,number_of_partitions,,,1
platform-2609-2,evidence_genomics_england,grouping,datatype,aggregationValue,genetic_literature,42315
platform-2609-2,evidence_genomics_england,scalar,count,,,42315
platform-2609-2,evidence_genomics_england,scalar,file_size,,,2701120
platform-2609-2,evidence_genomics_england,scalar,number_of_partitions,,,1
platform-2609-2,evidence_gwas_credible_sets,grouping,datatype,aggregationValue,genetic_association,3445546
platform-2609-2,evidence_gwas_credible_sets,scalar,count,,,3445546
platform-2609-2,evidence_gwas_credible_sets,scalar,file_size,,,205475934
platform-2609-2,evidence_gwas_credible_sets,scalar,number_of_partitions,,,3
platform-2609-2,evidence_impc,grouping,datatype,aggregationValue,animal_model,6911070
platform-2609-2,evidence_impc,scalar,count,,,6911070
platform-2609-2,evidence_impc,scalar,file_size,,,906883118
platform-2609-2,evidence_impc,scalar,number_of_partitions,,,25
platform-2609-2,evidence_intogen,grouping,datatype,aggregationValue,somatic_mutation,4223
platform-2609-2,evidence_intogen,scalar,count,,,4223
platform-2609-2,evidence_intogen,scalar,file_size,,,229698
platform-2609-2,evidence_intogen,scalar,number_of_partitions,,,1
platform-2609-2,evidence_orphanet,grouping,datatype,aggregationValue,genetic_association,6771
platform-2609-2,evidence_orphanet,scalar,count,,,6771
platform-2609-2,evidence_orphanet,scalar,file_size,,,458043
platform-2609-2,evidence_orphanet,scalar,number_of_partitions,,,1
platform-2609-2,evidence_reactome,grouping,datatype,aggregationValue,affected_pathway,10749
platform-2609-2,evidence_reactome,scalar,count,,,10749
platform-2609-2,evidence_reactome,scalar,file_size,,,561115
platform-2609-2,evidence_reactome,scalar,number_of_partitions,,,1
platform-2609-2,evidence_uniprot_literature,grouping,datatype,aggregationValue,genetic_literature,6394
platform-2609-2,evidence_uniprot_literature,scalar,count,,,6394
platform-2609-2,evidence_uniprot_literature,scalar,file_size,,,524486
platform-2609-2,evidence_uniprot_literature,scalar,number_of_partitions,,,1
platform-2609-2,evidence_uniprot_variants,grouping,datatype,aggregationValue,genetic_association,34698
platform-2609-2,evidence_uniprot_variants,scalar,count,,,34698
platform-2609-2,evidence_uniprot_variants,scalar,file_size,,,1860017
platform-2609-2,evidence_uniprot_variants,scalar,number_of_partitions,,,1
platform-2609-2,go,scalar,count,,,48340
platform-2609-2,go,scalar,file_size,,,2879854
platform-2609-2,go,scalar,number_of_partitions,,,1
platform-2609-2,homology,scalar,count,,,3817240
platform-2609-2,homology,scalar,file_size,,,24460478
platform-2609-2,homology,scalar,number_of_partitions,,,2
platform-2609-2,interaction,scalar,count,,,14612199
platform-2609-2,interaction,scalar,file_size,,,251918150
platform-2609-2,interaction,scalar,number_of_partitions,,,2
platform-2609-2,interaction_evidence,scalar,count,,,27396304
platform-2609-2,interaction_evidence,scalar,file_size,,,344089677
platform-2609-2,interaction_evidence,scalar,number_of_partitions,,,6
platform-2609-2,l2g_prediction,scalar,count,,,3293342
platform-2609-2,l2g_prediction,scalar,file_size,,,509628512
platform-2609-2,l2g_prediction,scalar,number_of_partitions,,,200
platform-2609-2,l2g_prediction,filter,prioritised_genes,distinct geneId where score > 0.5,,15802
platform-2609-2,literature_entity_lut,scalar,count,,,173137629
platform-2609-2,literature_entity_lut,scalar,file_size,,,1960195895
platform-2609-2,literature_entity_lut,scalar,number_of_partitions,,,35
platform-2609-2,literature_vector,scalar,count,,,56266
platform-2609-2,literature_vector,scalar,file_size,,,26110852
platform-2609-2,literature_vector,scalar,number_of_partitions,,,1
platform-2609-2,mouse_phenotype,scalar,count,,,203583
platform-2609-2,mouse_phenotype,scalar,file_size,,,6772968
platform-2609-2,mouse_phenotype,scalar,number_of_partitions,,,1
platform-2609-2,openfda_significant_adverse_drug_reactions,scalar,count,,,118247
platform-2609-2,openfda_significant_adverse_drug_reactions,scalar,file_size,,,1353695
platform-2609-2,openfda_significant_adverse_drug_reactions,scalar,number_of_partitions,,,1
platform-2609-2,pharmacogenomics,scalar,count,,,33479
platform-2609-2,pharmacogenomics,scalar,file_size,,,3443612
platform-2609-2,pharmacogenomics,scalar,number_of_partitions,,,1
platform-2609-2,reactome,scalar,count,,,2883
platform-2609-2,reactome,scalar,file_size,,,143400
platform-2609-2,reactome,scalar,number_of_partitions,,,1
platform-2609-2,so,scalar,count,,,2620
platform-2609-2,so,scalar,file_size,,,28197
platform-2609-2,so,scalar,number_of_partitions,,,1
platform-2609-2,study,grouping,studyType,aggregationValue,eqtl,1476085
platform-2609-2,study,grouping,studyType,aggregationValue,sqtl,767929
platform-2609-2,study,grouping,studyType,aggregationValue,tuqtl,476698
platform-2609-2,study,grouping,studyType,aggregationValue,gwas,165517
platform-2609-2,study,grouping,studyType,aggregationValue,sceqtl,114263
platform-2609-2,study,grouping,studyType,aggregationValue,pqtl,3755
platform-2609-2,study,grouping,datasource,aggregationValue,GTEx-v10,1933030
platform-2609-2,study,grouping,datasource,aggregationValue,GCST,163181
platform-2609-2,study,grouping,datasource,aggregationValue,Schmiedel_2018,74866
platform-2609-2,study,grouping,datasource,aggregationValue,Quach_2016,73698
platform-2609-2,study,grouping,datasource,aggregationValue,TwinsUK,68298
platform-2609-2,study,grouping,datasource,aggregationValue,FUSION,64642
platform-2609-2,study,grouping,datasource,aggregationValue,OTAR2057_IBDverse,64198
platform-2609-2,study,grouping,datasource,aggregationValue,BLUEPRINT,59813
platform-2609-2,study,grouping,datasource,aggregationValue,OTAR3087_MAGE,46050
platform-2609-2,study,grouping,datasource,aggregationValue,BrainSeq,36103
platform-2609-2,study,grouping,datasource,aggregationValue,ROSMAP,35086
platform-2609-2,study,grouping,datasource,aggregationValue,CommonMind,31234
platform-2609-2,study,grouping,datasource,aggregationValue,GEUVADIS,26863
platform-2609-2,study,grouping,datasource,aggregationValue,Lepik_2017,26599
platform-2609-2,study,grouping,datasource,aggregationValue,HipSci,25743
platform-2609-2,study,grouping,datasource,aggregationValue,GENCORD,25713
platform-2609-2,study,grouping,datasource,aggregationValue,Alasoo_2018,24550
platform-2609-2,study,grouping,datasource,aggregationValue,Nedelec_2016,22950
platform-2609-2,study,grouping,datasource,aggregationValue,CAP,19517
platform-2609-2,study,grouping,datasource,aggregationValue,Cytoimmgen,17044
platform-2609-2,study,grouping,datasource,aggregationValue,Fairfax_2014,16003
platform-2609-2,study,grouping,datasource,aggregationValue,OneK1K,14356
platform-2609-2,study,grouping,datasource,aggregationValue,CEDAR,14210
platform-2609-2,study,grouping,datasource,aggregationValue,Bossini-Castillo_2019,12429
platform-2609-2,study,grouping,datasource,aggregationValue,PhLiPS,10896
platform-2609-2,study,grouping,datasource,aggregationValue,Walker_2019,10574
platform-2609-2,study,grouping,datasource,aggregationValue,Nathan_2022,10540
platform-2609-2,study,grouping,datasource,aggregationValue,Steinberg_2020,7678
platform-2609-2,study,grouping,datasource,aggregationValue,iPSCORE,6582
platform-2609-2,study,grouping,datasource,aggregationValue,Aygun_2021,6554
platform-2609-2,study,grouping,datasource,aggregationValue,Schwartzentruber_2018,5339
platform-2609-2,study,grouping,datasource,aggregationValue,van_de_Bunt_2015,5280
platform-2609-2,study,grouping,datasource,aggregationValue,Kim-Hellmuth_2017,5254
platform-2609-2,study,grouping,datasource,aggregationValue,PISA,5020
platform-2609-2,study,grouping,datasource,aggregationValue,Jerber_2021,4869
platform-2609-2,study,grouping,datasource,aggregationValue,Peng_2018,4775
platform-2609-2,study,grouping,datasource,aggregationValue,Braineac2,3307
platform-2609-2,study,grouping,datasource,aggregationValue,Kasela_2017,3192
platform-2609-2,study,grouping,datasource,aggregationValue,Gilchrist_2021,3055
platform-2609-2,study,grouping,datasource,aggregationValue,UKB_PPP_EUR,2953
platform-2609-2,study,grouping,datasource,aggregationValue,Fairfax_2012,2899
platform-2609-2,study,grouping,datasource,aggregationValue,FINNGEN_R12,2336
platform-2609-2,study,grouping,datasource,aggregationValue,Perez_2022,1860
platform-2609-2,study,grouping,datasource,aggregationValue,Young_2019,1793
platform-2609-2,study,grouping,datasource,aggregationValue,Randolph_2021,1396
platform-2609-2,study,grouping,datasource,aggregationValue,Naranbhai_2015,1117
platform-2609-2,study,grouping,datasource,aggregationValue,Sun_2018,802
platform-2609-2,study,scalar,count,,,3004247
platform-2609-2,study,scalar,file_size,,,97748879
platform-2609-2,study,scalar,number_of_partitions,,,1
platform-2609-2,target,scalar,count,,,78733
platform-2609-2,target,scalar,file_size,,,21633117
platform-2609-2,target,scalar,number_of_partitions,,,3
platform-2609-2,target_essentiality,scalar,count,,,18464
platform-2609-2,target_essentiality,scalar,file_size,,,246596435
platform-2609-2,target_essentiality,scalar,number_of_partitions,,,4
platform-2609-2,target_prioritisation,scalar,count,,,78733
platform-2609-2,target_prioritisation,scalar,file_size,,,1551695
platform-2609-2,target_prioritisation,scalar,number_of_partitions,,,1
platform-2609-2,target_safety_event,scalar,count,,,4387
platform-2609-2,target_safety_event,scalar,file_size,,,122127
platform-2609-2,target_safety_event,scalar,number_of_partitions,,,1
platform-2609-2,target_tractability,scalar,count,,,528332
platform-2609-2,target_tractability,scalar,file_size,,,127897
platform-2609-2,target_tractability,scalar,number_of_partitions,,,2
platform-2609-2,transcript,scalar,count,,,644292
platform-2609-2,transcript,scalar,file_size,,,30907117
platform-2609-2,transcript,scalar,number_of_partitions,,,1
platform-2609-2,variant,grouping,consequence,aggregationValue,SO_0001627,3820783
platform-2609-2,variant,grouping,consequence,aggregationValue,SO_0001631,1695977
platform-2609-2,variant,grouping,consequence,aggregationValue,SO_0001583,1110179
platform-2609-2,variant,grouping,consequence,aggregationValue,SO_0001819,447757
platform-2609-2,variant,grouping,consequence,aggregationValue,SO_0001624,141349
platform-2609-2,variant,grouping,consequence,aggregationValue,SO_0001589,125535
platform-2609-2,variant,grouping,consequence,aggregationValue,SO_0001792,106707
platform-2609-2,variant,grouping,consequence,aggregationValue,SO_0001630,99402
platform-2609-2,variant,grouping,consequence,aggregationValue,SO_0002169,81222
platform-2609-2,variant,grouping,consequence,aggregationValue,SO_0001587,76604
platform-2609-2,variant,grouping,consequence,aggregationValue,SO_0001575,47756
platform-2609-2,variant,grouping,consequence,aggregationValue,SO_0001574,42327
platform-2609-2,variant,grouping,consequence,aggregationValue,SO_0001623,23640
platform-2609-2,variant,grouping,consequence,aggregationValue,SO_0002170,23246
platform-2609-2,variant,grouping,consequence,aggregationValue,SO_0001822,16090
platform-2609-2,variant,grouping,consequence,aggregationValue,SO_0001787,12616
platform-2609-2,variant,grouping,consequence,aggregationValue,SO_0001821,6396
platform-2609-2,variant,grouping,consequence,aggregationValue,SO_0001632,3390
platform-2609-2,variant,grouping,consequence,aggregationValue,SO_0002012,2835
platform-2609-2,variant,grouping,consequence,aggregationValue,SO_0001578,1017
platform-2609-2,variant,grouping,consequence,aggregationValue,SO_0001818,784
platform-2609-2,variant,grouping,consequence,aggregationValue,SO_0001628,473
platform-2609-2,variant,grouping,consequence,aggregationValue,SO_0001567,396
platform-2609-2,variant,grouping,consequence,aggregationValue,SO_0001620,156
platform-2609-2,variant,grouping,consequence,aggregationValue,SO_0001893,96
platform-2609-2,variant,grouping,consequence,aggregationValue,SO_0001580,28
platform-2609-2,variant,grouping,consequence,aggregationValue,null,1
platform-2609-2,variant,scalar,count,,,7886762
platform-2609-2,variant,scalar,file_size,,,1967290736
platform-2609-2,variant,scalar,number_of_partitions,,,25
